Daily update: Sun Oct 26 19:26:37 UTC 2025
Daily update: Sun Oct 26 19:35:51 UTC 2025
Daily update: Mon Oct 27 09:28:28 UTC 2025
Daily update: Tue Oct 28 09:26:20 UTC 2025
Daily update: Wed Oct 29 09:25:12 UTC 2025
Daily update: Thu Oct 30 09:26:12 UTC 2025
Daily update: Fri Oct 31 09:26:00 UTC 2025
Daily update: Sat Nov  1 09:21:35 UTC 2025
Daily update: Sun Nov  2 09:20:47 UTC 2025
Daily update: Mon Nov  3 09:29:15 UTC 2025
Daily update: Tue Nov  4 09:27:16 UTC 2025
Daily update: Wed Nov  5 09:27:18 UTC 2025
